{"cameraMode":{"drawMode":0,"name":"Shaded","section":"Shading Mode"},"sceneLighting":false,"audioPlay":false,"sceneViewState":{"showFog":true,"showMaterialUpdate":false,"showSkybox":false,"showFlares":true,"showImageEffects":true,"showParticleSystems":true,"showVisualEffectGraphs":true,"m_FxEnabled":true},"in2DMode":false,"pivot":{"x":-0.05797877907752991,"y":0.26065972447395327,"z":0.054930806159973147},"rotation":{"x":0.0012615991290658713,"y":0.9984504580497742,"z":0.025466030463576318,"w":-0.049463700503110889},"size":0.8697860240936279,"orthographic":false}